{
  "hash": "2558bd83",
  "configHash": "1158e9ee",
  "lockfileHash": "667808c9",
  "browserHash": "7f45e15b",
  "optimized": {
    "@angular/common": {
      "src": "../../../../../../node_modules/@angular/common/fesm2022/common.mjs",
      "file": "@angular_common.js",
      "fileHash": "9d84d00c",
      "needsInterop": false
    },
    "@angular/common/http": {
      "src": "../../../../../../node_modules/@angular/common/fesm2022/http.mjs",
      "file": "@angular_common_http.js",
      "fileHash": "5c01f9f1",
      "needsInterop": false
    },
    "@angular/core": {
      "src": "../../../../../../node_modules/@angular/core/fesm2022/core.mjs",
      "file": "@angular_core.js",
      "fileHash": "434c9961",
      "needsInterop": false
    },
    "@angular/forms": {
      "src": "../../../../../../node_modules/@angular/forms/fesm2022/forms.mjs",
      "file": "@angular_forms.js",
      "fileHash": "a28d4cf2",
      "needsInterop": false
    },
    "@angular/platform-browser": {
      "src": "../../../../../../node_modules/@angular/platform-browser/fesm2022/platform-browser.mjs",
      "file": "@angular_platform-browser.js",
      "fileHash": "13bdb030",
      "needsInterop": false
    },
    "@angular/router": {
      "src": "../../../../../../node_modules/@angular/router/fesm2022/router.mjs",
      "file": "@angular_router.js",
      "fileHash": "3f53f0f5",
      "needsInterop": false
    },
    "rxjs": {
      "src": "../../../../../../node_modules/rxjs/dist/esm5/index.js",
      "file": "rxjs.js",
      "fileHash": "295fb942",
      "needsInterop": false
    }
  },
  "chunks": {
    "chunk-AII7EOFR": {
      "file": "chunk-AII7EOFR.js"
    },
    "chunk-MG3U2SUJ": {
      "file": "chunk-MG3U2SUJ.js"
    },
    "chunk-KKRB7YGY": {
      "file": "chunk-KKRB7YGY.js"
    },
    "chunk-CVVAAMXL": {
      "file": "chunk-CVVAAMXL.js"
    },
    "chunk-OLJ2W2BP": {
      "file": "chunk-OLJ2W2BP.js"
    },
    "chunk-S35MAB2V": {
      "file": "chunk-S35MAB2V.js"
    }
  }
}